Civilité;Nom;Prénom;Adresse de messagerie;Société
Testeur;a21;a21;a21@a21.com;
Testeur;a22;a22;a22@a22.com;
Testeur;a23;a23;a23@a23.com;test
Testeur;a24;a24;a24@a24.com;
Testeur;a25;a25;a25@a25.com;
Testeur;a26;a26;a26@a26.com;
Testeur;a27;a27;a27@a27.com;
Testeur;a28;a28;a28@a28.com;
Testeur;a29;a29;a29@a29.com;aaa
Testeur;a30;a30;a30@a30.com;
Testeur;a31;a31;a31@a31.com;
Testeur;a32;a32;a32@a32.com;
Testeur;a33;a33;a33@a33.com;
Testeur;a34;a34;a34@a34.com;
Testeur;a35;a35;a35@a35.com;
Testeur;a36;a36;a36@a36.com;
Testeur;a37;a37;a37@a37.com;
Testeur;a38;a38;a38@a38.com;
Testeur;a39;a39;a39@a39.com;
Testeur;a40;a40;a40@a40.com;bbb
Testeur;a41;a41;a41@a41.com;
Testeur;a42;a42;a42@a42.com;
Testeur;a43;a43;a43@a43.com;
Testeur;a44;a44;a44@a44.com;bbb
Testeur;a45;a45;a45@a45.com;bbb
Testeur;a50;a50;a50@a50.com;bbb
Testeur;a51;a51;a51@a51.com;bbb
Testeur;a52;a52;a52@a52.com;bbb
Testeur;a53;a53;a53@a53.com;bbb
Testeur;a54;a54;a54@a54.com;bbb
Testeur;a55;a55;a55@a55.com;bbb
Testeur;a56;a56;a56@a56.com;bbb
Testeur;a57;a57;a57@a57.com;bbb
Testeur;a58;a58;a58@a58.com;bbb
Testeur;a59;a59;a59@a59.com;bbb
Testeur;a60;a60;a60@a60.com;bbb
Testeur;a61;a61;a61@a61.com;bbb
Testeur;a62;a62;a62@a62.com;bbb
Testeur;a63;a63;a63@a63.com;bbb
Testeur;a64;a64;a64@a64.com;bbb
Testeur;a65;a65;a65@a65.com;bbb
Testeur;a66;a66;a66@a66.com;
Testeur;a67;a67;a67@a67.com;
Testeur;a68;a68;a68@a68.com;
Testeur;a69;a69;a69@a69.com;
Testeur;a70;a70;a70@a70.com;
Testeur;a71;a71;a71@a71.com;
Testeur;a72;a72;a72@a72.com
Testeur;a73;a73;a73@a73.com
Testeur;a74;a74;a74@a74.com
Testeur;a75;a75;a75@a75.com
Testeur;a76;a76;a76@a76.com
Testeur;a78;a78;a78@a78.com
Testeur;a79;a79;a79@a79.com
Testeur;a80;a80;a80@a80.com
Testeur;a81;a81;a81@a81.com
Testeur;a82;a82;a82@a82.com
Testeur;a83;a83;a83@a83.com
Testeur;a84;a84;a84@a84.com
Testeur;a85;a85;a85@a85.com
Testeur;a86;a86;a86@a86.com
Testeur;a87;a87;a87@a87.com
;a87;a87;a87@a87.com
;a88;a88;a88@a88.com;
;a89;a89;a89@a89.com;
;a90;a90;a90@a90.com;
;b1;b1;b1@b1.com;B
;b2;b2;b2@b2.com;
;b3;b3;b3@b3.com;B
Testeur;b4;b4;b4@b4.com;B
;b5;b5;b5@b5.com;B
;b6;b6;b6@b6.com;B
;b7;b7;b7@b7.com;B
;b8;b8;b8@b8.com;B
;b9;b9;b9@b9.com;B
;b10;b10;b10@b10.com;B
;b11;b11;b11@b11.com;B
;b12;b12;b12@b12.com;B
;b13;b13;b13@b13.com;B
;b14;b14;b14@b14.com;B
;b15;b15;b15@b15.com;
;b16;b16;b16@b16.com;
;b17;b17;b17@b17.com;
;b18;b18;b18@b18.com;
;b19;b19;b19@b19.com;
;b20;b20;b20@b20.com;
;b21;b21;b21@b21.com;
;b22;b22;b22@b22.com;
;b23;b23;b23@b23.com;
;b24;b24;b24@b24.com;
;b25;b25;b25@b25.com;
;b26;b26;b26@b26.com;B
;b27;b27;b27@b27.com;B
;b28;b28;b28@b28.com;B
;b29;b29;b29@b29.com;B
;b30;b30;b30@b30.com;B
;c1;c1;c1@c1.com;B
;c2;c2;c2@c2.com;
;c3;c3;c3@c3.com;
;c4;c4;c4@c4.com;
;c5;c5;c5@c5.com;
;c6;c6;c6@c6.com;
;c7;c7;c7@c7.com;
;c8;c8;c8@c8.com;
;c9;c9;c9@c9.com;
;c10;c10;c10@c10.com;
;c12;c12;c12@c12.com;
;c13;c13;c13@c13.com;
;c14;c14;c14@c14.com;
;c15;c15;c15@c15.com;
;c16;c16;c16@c16.com;
;d1;d1;d1@d1.com;
;d2;d2;d2@d2.com;
;d3;d3;d3@d3.com;
;d4;d4;d4@d4.com;
;d5;d5;d5@d5.com;
;d6;d6;d6@d6.com;
;d7;d7;d7@d7.com;
;d8;d8;d8@d8.com;
;d9;d9;d9@d9.com;C
;d10;d10;d10@d10.com;
;d11;d11;d11@d11.com;
;d12;d12;d12@d12.com;
;d13;d13;d13@d13.com;
;d15;d15;d15@d15.com;
;d16;d16;d16@d16.com;
;d17;d17;d17@d17.com;
;d18d;d18d;d18d@d18d.com;
;d193;d193;d193@d193.com;
;d20;d20;d20@d20.com;
;d21;d21;d21@d21.com;
;d22;d22;d22@d22.com;
;d23;d23;d23@d23.com;
;d24;d24;d24@d24.com;
;d25;d25;d25@d25.com;
;d26;d26;d26@d26.com;
;e1;e1;e1@e1.com;
;e2;e2;e2@e2.com;
;e3;e3;e3@e3.com;
;e4;e4;e4@e4.com;
;e5;e5;e5@e5.com;C
;e6;e6;e6@e6.com;C
;e7;e7;e7@e7.com;C
;e8;e8;e8@e8.com;C
;e9;e9;e9@e9.com;C
;e10;e10;e10@e10.com;C
;f1;f1;f1@f1.com;C
;f2;f2;f2@f2.com;C
;f3;f3;f3@f3.com;C
;f4;f4;f4@f4.com;
;f5;f5;f5@f5.com;
;f6;f6;f6@f6.com;
;f7;f7;f7@f7.com;
;f87;f87;f87@f87.com;
;f9;f9;f9@f9.com;
;g1;g1;g1@g1.com;
;g2;g2;g2@g2.com;
;g3;g3;g3@g3.com;
;g4;g4;g4@g4.com;
;g5;g5;g5@g5.com;
;g6;g6;g6@g6.com;
;g7;g7;g7@g7.com;
;g8;g8;g8@g8.com;
;g9;g9;g9@g9.com;
;g10;g10;g10@g10.com;
;g11;g11;g11@g11.com;C
;g12;g12;g12@g12.com;C
;g13;g13;g13@g13.com;C
;g14;g14;g14@g14.com;C
;g15;g15;g15@g15.com;C
;g16;g16;g16@g16.com;C
;g17;g17;g17@g17.com;C
;g18;g18;g18@g18.com;C
;g19;g19;g19@g19.com;C
;g20;g20;g20@g20.com;C
;g21;g21;g21@g21.com
;h1;h1;h1@h1.com
;h2;h2;h2@h2.com
;h3;h3;h3@h3.com
;h4;h4;h4@h4.com
;h5;h5;h5@h5.com
;h6;h6;h6@h6.com
;h7;h7;h7@h7.com
;h8;h8;h8@h8.com
;h9;h9;h9@h9.com
;h10;h10;h10@h10.com
;h11;h11;h11@h11.com
;h12;h12;h12@h12.com
;h13;h13;h13@h13.com
;h14;h14;h14@h14.com
;h15;h15;h15@h15.com
;h16;h16;h16@h16.com
;h17;h17;h17@h17.com
;h18;h18;h18@h18.com
;h19;h19;h19@h19.com
;j1;j1;j1@j1.com
;j2;j2;j2@j2.com
;j3;j3;j3@j3.com
;j4;j4;j4@j4.com
;j5;j5;j5@j5.com
;j6;j6;j6@j6.com
;j7;j7;j7@j7.com
;j8;j8;j8@j8.com
;j9;j9;j9@j9.com
;j10;j10;j10@j10.com
;j11;j11;j11@j11.com
;j12;j12;j12@j12.com
;j13;j13;j13@j13.com
;j14;j14;j14@j14.com
;j15;j15;j15@j15.com
;j16;j16;j16@j16.com
;j17;j17;j17@j17.com
;j18;j18;j18@j18.com
;k1;k1;k1@k1.com
;k2;k2;k2@k2.com
;k3;k3;k3@k3.com
;k4;k4;k4@k4.com
;k5;k5;k5@k5.com
;k6;k6;k6@k6.com
;k7;k7;k7@k7.com
;k8;k8;k8@k8.com
;k9;k9;k9@k9.com
;k10;k10;k10@k10.com
;k11;k11;k11@k11.com
;k12;k12;k12@k12.com
;k13k;k13k;k13k@k13k.com
;k14;k14;k14@k14.com
;k15;k15;k15@k15.com
;k16;k16;k16@k16.com
;k14;k14;k14@k14.com
;k17;k17;k17@k17.com
;k18;k18;k18@k18.com
;k19;k19;k19@k19.com
;k20;k20;k20@k20.com
;k21k;k21k;k21k@k21k.com
;k22;k22;k22@k22.com
;kk23;kk23;kk23@kk23.com
;k24;k24;k24@k24.com
;k25;k25;k25@k25.com
;k26;k26;k26@k26.com
;k27;k27;k27@k27.com
;k28;k28;k28@k28.com
;k29;k29;k29@k29.com
;k30;k30;k30@k30.com
;k31k;k31k;k31k@k31k.com
;k32;k32;k32@k32.com
;k33;k33;k33@k33.com
;k34;k34;k34@k34.com
;k35;k35;k35@k35.com
;k36;k36;k36@k36.com
;l1;l1;l1@l1.com
;l2;l2;l2@l2.com
;l3;l3;l3@l3.com
;l4;l4;l4@l4.com
;l5;l5;l5@l5.com
;l6;l6;l6@l6.com
;l7;l7;l7@l7.com
;l8;l8;l8@l8.com
;l9;l9;l9@l9.com
;l10;l10;l10@l10.com
;l11;l11;l11@l11.com
;l12;l12;l12@l12.com
;l13;l13;l13@l13.com
;m1;m1;m1@m1.com
;m2;m2;m2@m2.com
;m3;m3;m3@m3.com
;m4;m4;m4@m4.com
;m5;m5;m5@m5.com
;m6;m6;m6@m6.com
;m7;m7;m7@m7.com
;m8;m8;m8@m8.com
;m9;m9;m9@m9.com
;m10;m10;m10@m10.com
;m11;m11;m11@m11.com
;m12;m12;m12@m12.com
;m13;m13;m13@m13.com
;m14;m14;m14@m14.com
;m15;m15;m15@m15.com
;m16;m16;m16@m16.com
;m17;m17;m17@m17.com
;m18;m18;m18@m18.com
;m19;m19;m19@m19.com
;m20;m20;m20@m20.com
;m21;m21;m21@m21.com
;m2;m2;m2@m2.com
;m31;m31;m31@m31.com
;m64m;m64m;m64m@m64m.com
;m97;m97;m97@m97.com
;w12;w12;w12@w12.com
;w13;w13;w13@w13.com
;w14;w14;w14@w14.com
;w2;w2;w2@w2.com
;w3;w3;w3@w3.com
;w4;w4;w4@w4.com
;w5;w5;w5@w5.com
;w6;w6;w6@w6.com
;w7;w7;w7@w7.com
;w8;w8;w8@w8.com
;w9;w9;w9@w9.com
;x1;x1;x1@x1.com
;x0;x0;x0@x0.com
;x2;x2;x2@x2.com
;x3;x3;x3@x3.com
;x4;x4;x4@x4.com
;x5;x5;x5@x5.com
;x6;x6;x6@x6.com
;x7;x7;x7@x7.com
;x8;x8;x8@x8.com
;x9;x9;x9@x9.com
;x10x;x10x;x10x@x10x.com
;x11;x11;x11@x11.com
;x12;x12;x12@x12.com
;x13;x13;x13@x13.com
;x14;x14;x14@x14.com
;x15;x15;x15@x15.com
;x16;x16;x16@x16.com
;x17;x17;x17@x17.com
;x18;x18;x18@x18.com
;x19;x19;x19@x19.com
;z1;z1;z1@z1.com
;z2;z2;z2@z2.com
;z3;z3;z3@z3.com
;z4;z4;z4@z4.com
;z5;z5;z5@z5.com
;z;z;z@z.com
;6z6;6z6;6z6@6z6.com
;z7;z7;z7@z7.com
;z8;z8;z8@z8.com
;z9;z9;z9@z9.com
;z10;z10;z10@z10.com
;z12;z12;z12@z12.com
;z13;z13;z13@z13.com
;z14;z14;z14@z14.com
;z15;z15;z15@z15.com
;z16;z16;z16@z16.com
;z17;z17;z17@z17.com
;z18;z18;z18@z18.com
;z19;z19;z19@z19.com
;z20;z20;z20@z20.com
;z21;z21;z21@z21.com
;z31;z31;z31@z31.com
;z54;z54;z54@z54.com
;z87;z87;z87@z87.com
;z98;z98;z98@z98.com
;z65;z65;z65@z65.com
;z32;z32;z32@z32.com
;z21;z21;z21@z21.com
;q1;q1;q1@q1.com
;q0;q0;q0@q0.com
;q3;q3;q3@q3.com
;q4;q4;q4@q4.com
;q5;q5;q5@q5.com
;q6;q6;q6@q6.com
;q7;q7;q7@q7.com
;q8;q8;q8@q8.com
;q9;q9;q9@q9.com
;q10;q10;q10@q10.com
;q12;q12;q12@q12.com
;q13;q13;q13@q13.com
;q14;q14;q14@q14.com
;q15;q15;q15@q15.com
;q16;q16;q16@q16.com
;q17;q17;q17@q17.com
;q18;q18;q18@q18.com
;q19;q19;q19@q19.com
;q20q;q20q;q20q@q20q.com
;21q;21q;21q@21q.com
;23q;23q;23q@23q.com
;q24;q24;q24@q24.com
;q25;q25;q25@q25.com
;q26;q26;q26@q26.com
;q227q;q227q;q227q@q227q.com
;q28;q28;q28@q28.com
;q29;q29;q29@q29.com
;q30;q30;q30@q30.com
;q31;q31;q31@q31.com
;q32;q32;q32@q32.com
;q34;q34;q34@q34.com
;q,35;q,35;q,35@q,35.com
;q34;q34;q34@q34.com
;q36;q36;q36@q36.com
;q37;q37;q37@q37.com
;q28;q28;q28@q28.com
;q26;q26;q26@q26.com
;q31;q31;q31@q31.com
;q34;q34;q34@q34.com
;q35;q35;q35@q35.com
;q245;q245;q245@q245.com
;q31q;q31q;q31q@q31q.com
;q64q;q64q;q64q@q64q.com
;a123;a123;a123@a123.com
;a156;a156;a156@a156.com
;a145;a145;a145@a145.com
;a154;a154;a154@a154.com
;a445a;a445a;a445a@a445a.com
;a78;a78;a78@a78.com
;a79;a79;a79@a79.com
;a80;a80;a80@a80.com
;a82;a82;a82@a82.com
;a83;a83;a83@a83.com
;a84;a84;a84@a84.com
;a85;a85;a85@a85.com
;a86;a86;a86@a86.com
;a78;a78;a78@a78.com
;a95;a95;a95@a95.com
;a64;a64;a64@a64.com
;a123;a123;a123@a123.com
;a1456;a1456;a1456@a1456.com
;d123;d123;d123@d123.com
;d1234;d1234;d1234@d1234.com
;d456;d456;d456@d456.com
;d478d;d478d;d478d@d478d.com
;d498d8;d498d8;d498d8@d498d8.com
;d14d5d;d14d5d;d14d5d@d14d5d.com
;d4d65s;d4d65s;d4d65s@d4d65s.com
;d4d5d;d4d5d;d4d5d@d4d5d.com
;s4s5d4;s4s5d4;s4s5d4@s4s5d4.com
;d54s7d8d;d54s7d8d;d54s7d8d@d54s7d8d.com
;dd4d5;dd4d5;dd4d5@dd4d5.com
;4e5e;4e5e;4e5e@4e5e.com
;5sd4d5;5sd4d5;5sd4d5@5sd4d5.com
;e78e8;e78e8;e78e8@e78e8.com
;d558d7;d558d7;d558d7@d558d7.com
;u1;u1;u1@u1.com
;u2;u2;u2@u2.com
;u3;u3;u3@u3.com
;u4;u4;u4@u4.com
;u5;u5;u5@u5.com
;u6;u6;u6@u6.com
;u7;u7;u7@u7.com
;u8;u8;u8@u8.com
;u9;u9;u9@u9.com
;u10;u10;u10@u10.com
;u11;u11;u11@u11.com
;u12;u12;u12@u12.com
;u13;u13;u13@u13.com
;u14;u14;u14@u14.com
;u15;u15;u15@u15.com
;u16;u16;u16@u16.com
;u17u19;u17u19;u17u19@u17u19.com
;u19;u19;u19@u19.com
;u20;u20;u20@u20.com
;u21;u21;u21@u21.com
;u22;u22;u22@u22.com
;u23;u23;u23@u23.com
;u24;u24;u24@u24.com
;u25;u25;u25@u25.com
;u26;u26;u26@u26.com
;u27;u27;u27@u27.com
;u28;u28;u28@u28.com
;u29;u29;u29@u29.com
;u30;u30;u30@u30.com
;u31;u31;u31@u31.com
;u32;u32;u32@u32.com
;u33;u33;u33@u33.com
;u34;u34;u34@u34.com
;u35;u35;u35@u35.com
;u36;u36;u36@u36.com
;u37;u37;u37@u37.com
;u38;u38;u38@u38.com
;u39;u39;u39@u39.com
;u40;u40;u40@u40.com
;u41;u41;u41@u41.com
;u42;u42;u42@u42.com
;u43;u43;u43@u43.com
;u44;u44;u44@u44.com
;u45;u45;u45@u45.com
;u46;u46;u46@u46.com
;u47;u47;u47@u47.com
;u48;u48;u48@u48.com
;u49;u49;u49@u49.com
;u50;u50;u50@u50.com
;u51;u51;u51@u51.com
;u53;u53;u53@u53.com
;u54;u54;u54@u54.com
;u55;u55;u55@u55.com
;u56;u56;u56@u56.com
;u57;u57;u57@u57.com
;u58;u58;u58@u58.com
;u59;u59;u59@u59.com
;u60;u60;u60@u60.com
;u61;u61;u61@u61.com
;u62;u62;u62@u62.com
;u63;u63;u63@u63.com
;u67;u67;u67@u67.com
;u68;u68;u68@u68.com
;u69;u69;u69@u69.com
;u70;u70;u70@u70.com
;u71;u71;u71@u71.com
;u72;u72;u72@u72.com
;u73;u73;u73@u73.com
;u74;u74;u74@u74.com
;u75;u75;u75@u75.com
;u756;u756;u756@u756.com
;u78;u78;u78@u78.com
;u79;u79;u79@u79.com
;u80;u80;u80@u80.com
;u81;u81;u81@u81.com
;u82;u82;u82@u82.com
;u83;u83;u83@u83.com
;u84;u84;u84@u84.com
;u85;u85;u85@u85.com
;u86;u86;u86@u86.com
;u87;u87;u87@u87.com
;u88;u88;u88@u88.com
;u889;u889;u889@u889.com
;u90;u90;u90@u90.com
;u91;u91;u91@u91.com
;u92;u92;u92@u92.com
;u93;u93;u93@u93.com
;u94;u94;u94@u94.com
;u95;u95;u95@u95.com
