Civilité;Nom;Prénom;Adresse de messagerie;Société
Madame;aaaa;bbbb;a@b.com;Facultatif
Monsieur;ccc;ddd;b@b.com;Sodevlog
Dr.;bbb;eee;d@d.com;
Testeur;aa1;aa1;aa1@aa.com;Test
Testeur;aa2;aa2;aa2@aa.com;Test
Testeur;aa3;aa3;aa3@aa.com;Test
Testeur;aa4;aa4;aa4@aa.com;Test
Testeur;aa5;aa5;aa5@aa.com;Test
Testeur;aa6;aa6;aa6@aa.com;Test
Testeur;aa6;aa6;aa6@aa.com;Test
Testeur;aa7;aa7;aa7@aa7.com;
Testeur;aa8;aa8;aa8@aa8.com;
Testeur;aa9;aa9;aa9@aa9.com;
Testeur;aa10;aa10;aa10@aa10.com;
Testeur;aa11;aa11;aa11@aa11.com;
Testeur;aa12;aa12;aa12@aa12.com
Testeur;aa13;aa13;aa13@aa13.com
Testeur;aa14;aa14;aa14@aa14.com
Testeur;aa15;aa15;aa15@aa15.com
Testeur;aa16;aa16;aa16@aa16.com
Testeur;aa17;aa17;aa17@aa17.com
Testeur;aa18;aa18;aa18@aa18.com
Testeur;aa19;aa19;aa19@aa19.com
Testeur;aa20;aa20;aa20@aa20.com
Testeur;a21;a21;a21@a21.com
Testeur;a22;a22;a22@a22.com
Testeur;a23;a23;a23@a23.com
Testeur;a24;a24;a24@a24.com
Testeur;a25;a25;a25@a25.com
Testeur;a26;a26;a26@a26.com
Testeur;a27;a27;a27@a27.com
Testeur;a28;a28;a28@a28.com
Testeur;a29;a29;a29@a29.com
Testeur;a30;a30;a30@a30.com
Testeur;a31;a31;a31@a31.com
Testeur;a32;a32;a32@a32.com
Testeur;a33;a33;a33@a33.com
Testeur;a34;a34;a34@a34.com
Testeur;a35;a35;a35@a35.com
Testeur;a36;a36;a36@a36.com
Testeur;a37;a37;a37@a37.com
Testeur;a38;a38;a38@a38.com
Testeur;a39;a39;a39@a39.com
Testeur;a40;a40;a40@a40.com
Testeur;a41;a41;a41@a41.com
Testeur;a42;a42;a42@a42.com
Testeur;a43;a43;a43@a43.com
Testeur;a44;a44;a44@a44.com
Testeur;a45;a45;a45@a45.com
Testeur;a50;a50;a50@a50.com
Testeur;a51;a51;a51@a51.com
Testeur;a52;a52;a52@a52.com
Testeur;a53;a53;a53@a53.com
Testeur;a54;a54;a54@a54.com
Testeur;a55;a55;a55@a55.com
Testeur;a56;a56;a56@a56.com
Testeur;a57;a57;a57@a57.com
Testeur;a58;a58;a58@a58.com
Testeur;a59;a59;a59@a59.com
Testeur;a60;a60;a60@a60.com
Testeur;a61;a61;a61@a61.com
Testeur;a62;a62;a62@a62.com
Testeur;a63;a63;a63@a63.com
Testeur;a64;a64;a64@a64.com
Testeur;a65;a65;a65@a65.com
Testeur;a66;a66;a66@a66.com
Testeur;a67;a67;a67@a67.com
Testeur;a68;a68;a68@a68.com
Testeur;a69;a69;a69@a69.com
Testeur;a70;a70;a70@a70.com
Testeur;a71;a71;a71@a71.com
Testeur;a72;a72;a72@a72.com
Testeur;a73;a73;a73@a73.com
Testeur;a74;a74;a74@a74.com
Testeur;a75;a75;a75@a75.com
Testeur;a76;a76;a76@a76.com
Testeur;a78;a78;a78@a78.com
Testeur;a79;a79;a79@a79.com
Testeur;a80;a80;a80@a80.com
Testeur;a81;a81;a81@a81.com
Testeur;a82;a82;a82@a82.com
Testeur;a83;a83;a83@a83.com
Testeur;a84;a84;a84@a84.com
Testeur;a85;a85;a85@a85.com
Testeur;a86;a86;a86@a86.com
Testeur;a87;a87;a87@a87.com
;a87;a87;a87@a87.com
;a88;a88;a88@a88.com
;a89;a89;a89@a89.com
;a90;a90;a90@a90.com
;a32;a32;a32@a32.com
;a32;a32;a32@a32.com
;a32;a32;a32@a32.com
;a32;a32;a32@a32.com
;a32;a32;a32@a32.com
;a32;a32;a32@a32.com
;a32;a32;a32@a32.com
;a32;a32;a32@a32.com
;a32;a32;a32@a32.com
;a32;a32;a32@a32.com
;a32;a32;a32@a32.com
;a32;a32;a32@a32.com
;a32;a32;a32@a32.com
;a32;a32;a32@a32.com
;a32;a32;a32@a32.com
;a32;a32;a32@a32.com
;a32;a32;a32@a32.com
;a32;a32;a32@a32.com
;a32;a32;a32@a32.com
;a32;a32;a32@a32.com
;a32;a32;a32@a32.com
;a32;a32;a32@a32.com
;a32;a32;a32@a32.com
;a32;a32;a32@a32.com
;a32;a32;a32@a32.com
;a32;a32;a32@a32.com
;a32;a32;a32@a32.com
;a32;a32;a32@a32.com
;a32;a32;a32@a32.com
;a32;a32;a32@a32.com
;a32;a32;a32@a32.com
;a32;a32;a32@a32.com
;a32;a32;a32@a32.com
;a32;a32;a32@a32.com
;a32;a32;a32@a32.com
;a32;a32;a32@a32.com
;a32;a32;a32@a32.com
;a32;a32;a32@a32.com
;a32;a32;a32@a32.com
;a32;a32;a32@a32.com
;a32;a32;a32@a32.com
;a32;a32;a32@a32.com
;a32;a32;a32@a32.com
;a32;a32;a32@a32.com
;a32;a32;a32@a32.com
;a32;a32;a32@a32.com
;a32;a32;a32@a32.com
;a32;a32;a32@a32.com
;a32;a32;a32@a32.com
;a32;a32;a32@a32.com
;a32;a32;a32@a32.com
;a32;a32;a32@a32.com
;a32;a32;a32@a32.com
;a32;a32;a32@a32.com
;a32;a32;a32@a32.com
;a32;a32;a32@a32.com
;a32;a32;a32@a32.com
;a32;a32;a32@a32.com
;a32;a32;a32@a32.com
;a32;a32;a32@a32.com
;a32;a32;a32@a32.com
;a32;a32;a32@a32.com
;a32;a32;a32@a32.com
;a32;a32;a32@a32.com
;a32;a32;a32@a32.com
;a32;a32;a32@a32.com
;a32;a32;a32@a32.com
;a32;a32;a32@a32.com
;a32;a32;a32@a32.com
;a32;a32;a32@a32.com
;a32;a32;a32@a32.com
;a32;a32;a32@a32.com
;a32;a32;a32@a32.com
;a32;a32;a32@a32.com
;a32;a32;a32@a32.com
;a32;a32;a32@a32.com
;a32;a32;a32@a32.com
;a32;a32;a32@a32.com
;a32;a32;a32@a32.com
;a32;a32;a32@a32.com
;a32;a32;a32@a32.com
;a32;a32;a32@a32.com
;a32;a32;a32@a32.com
;a32;a32;a32@a32.com
;a32;a32;a32@a32.com
;a32;a32;a32@a32.com
;a32;a32;a32@a32.com
;a32;a32;a32@a32.com
;a32;a32;a32@a32.com
;a32;a32;a32@a32.com
